Workbook

Sheet About This Model
A1: Process Consistency Maturity Model (PCMM)
A2: WHAT THIS MODEL ASSESSES
A3: The PCMM evaluates the process consistency maturity of an event-driven microservice architecture. Process consistency refers to the architecture's ability to guarantee correct, complete, and ordered execution of distributed business workflows across independent services that communicate asynchronously through events. The model assesses seven capability categories: 1. Workflow Progression Guarantees 2. Constraint Enforcement and Protocol Safety 3. Concurrency and Idempotency Control 4. Fault Handling and Recovery 5. Runtime Governance 6. Events Documentation 7. Microservices Documentation Each category is assessed independently across seven dimensions. The result of an assessment is four level-completion percentages, one for each of Levels 2 through 5, expressing how many of that level's questions are satisfied, out of a fixed total: 13 questions at Level 2, 11 at Level 3, 10 at Level 4, and 6 at Level 5. The Dashboard sheet aggregates all answers automatically. The Graphs sheet visualizes three complementary views of the assessment output.
A4: MATURITY LEVELS
A5: The model defines five levels. Level 1 is the default state and carries no questions; it represents the absence of systematic practices. Level 1: Initial - No systematic practices are in place. Level 2: Foundational - Basic, commonly adopted mechanisms are present. Level 3: Structured - Intentional and explicit mechanisms are in place, reflectingdeliberate architectural decisions beyond baseline. Level 4: Managed - Comprehensive and formalized practices are established. Level 5: Optimized - Advanced mechanisms are in place, representing the most mature state of practice identified in the literature. Scoring output: for each Level N in {2, 3, 4, 5}, the model computes: P(N) = questions at Level N answered Y / total questions at Level N × 100% The four percentages (P2, P3, P4, P5) are the complete scoring output of the assessment. The denominators are fixed by the model regardless of which architecture is being assessed. A practitioner wishing to improve can inspect the percentage at the next level, identify which questions remain unanswered, and use the category breakdown to determine where to focus effort.
A6: HOW TO ANSWER THE QUESTIONS
A7: 1. FAMILIARIZE YOURSELF WITH THE ARCHITECTURE FIRST. Before answering, inspect the available artifacts: source code, workflow definitions, infrastructure configuration, event schemas, and documentation. If you are already familiar with the architecture, you may proceed directly to the questions. 2. ANSWER EACH QUESTION Y OR N IN THE ANSWER CELL. Go through each category sheet in order. For each question, read the Purpose statement and the Evidence guidance. Locate the relevant part of the architecture and record your determination. Do not leave cells blank. 3. BASE YOUR ANSWER ON OBSERVABLE EVIDENCE, NOT INTENT. The question asks whether the mechanism is present and functioning, not whether it is planned or partially implemented. A mechanism that exists in one service but not consistently across the architecture should generally be answered N unless the question specifies otherwise. 4. WHEN IN DOUBT, ANSWER N. If the evidence guidance describes a threshold condition (e.g., "all entry points") and the implementation does not meet that threshold, the answer is N. Partial satisfaction does not earn a Y. 5. HIGHER-LEVEL QUESTIONS ANSWERED Y DO NOT RAISE THE PERCENTAGE AT LOWER LEVELS. Each level's percentage is computed independently. Answering a Level 4 question Y does not affect P2 or P3. Gaps where a higher-level question is satisfied but a lower-level one is not should be noted as diagnostic findings. The Dashboard sheet aggregates all answers automatically. The Graphs sheet visualizes the resulting assessment output.
A9: GRAPHS
A10: The Graphs sheet presents three views of the assessment output. Each view highlights a different aspect of the results and is intended to be read alongside the others. - The level-completion bar chart shows P2 through P5 directly. This is the primary output: the four numbers a practitioner acts on. - The radar chart shows the highest level fully satisfied per category, plotted across all seven categories simultaneously. It provides a complementary view of where the architecture is strong and where it is weakest relative to its own ceiling. - The category bar chart shows the raw proportion of questions answered Y within each category, without applying any level threshold. It surfaces partial capability even where a full level has not been achieved, and is useful for identifying which specific categories are holding back a given level percentage.

Sheet 1. Workflow Progression Guarant
A1: Q1.1 | B1: Are state transitions tracked using identifiable entity, transaction, or event identifiers?
B2: Purpose: To ensure workflows can be traced and reconstructed.
B3: Evidence includes: entity-level identifiers (e.g., order ID) used consistently across all topics and services, transaction or correlation identifiers that link related events, and event identifiers or sequence numbers that enable causal chain reconstruction.
B4: Answer ("Y" for yes, "N" for no)
A6: Q1.2 | B6: Does horizontal scaling preserve correct routing of events or requests to the intended services?
B7: Purpose: To verify that adding or removing service instances during horizontal scaling does not break event or request routing semantics.
B8: Evidence includes: Stable routing rules, partition reassignment mechanisms, and instance-independent routing.
B9: Answer ("Y" for yes, "N" for no)
A11: Q1.3 | B11: Can services scale independently without requiring coordinated scaling of other services?
B12: Purpose: To assess whether each service can be scaled (up or down) without requiring simultaneous scaling adjustments in other services.
B13: Evidence includes: Independent scaling configurations and absence of shared bottlenecks.
B14: Answer ("Y" for yes, "N" for no)
A16: Q1.4 | B16: Are workflow instances logically isolated so that each instance progresses independently of others?
B17: Purpose: To assess whether each workflow instance (e.g., each order, each transaction) progresses through the workflow independently, without its outcome being affected by other concurrent instances.
B18: Evidence includes: Per-instance state stores, instance-scoped event processing, and absence of shared mutable state that affects instance progression. The evaluator should focus on whether one instance's progression can be blocked or altered by another instance's state.
B19: Answer ("Y" for yes, "N" for no)
A21: Q1.5 | B21: Is the execution state of a workflow instance persistently recoverable from system state or event history?
B22: Purpose: To determine whether the execution state of a workflow instance can be reconstructed at any point, for debugging, audit, or recovery purposes, without requiring manual correlation of disparate data sources.
B23: Evidence includes: Persistent execution records, event sourcing, checkpointing, or saga state. The evaluator should distinguish between raw data recoverability (event logs and data stores contain the data) and execution position recoverability (the system can determine which step the workflow was on and what remains to be done). If raw data is recoverable but the workflow position must be inferred by correlating multiple disconnected sources, the answer is 'No'.
B24: Answer ("Y" for yes, "N" for no)
A26: Q1.6 | B26: Are inter-service execution dependencies explicitly represented in workflow definitions or event interaction patterns?
B27: Purpose: To assess whether the dependencies between services within a workflow are architecturally visible, rather than being implicitly embedded in event topology. Explicit representation enables automated analysis, impact assessment, and correctness verification.
B28: Evidence includes: Workflow definitions that declare service dependencies (e.g., Step Functions state machines, BPMN process models), event interaction contracts, dependency graphs, or sequencing manifests. If dependencies are derivable only through manual analysis of scattered code, configuration, and event definitions, the answer is 'No'.
B29: Answer ("Y" for yes, "N" for no)
A31: Q1.7 | B31: Are dependent microservices prevented from executing until all required predecessor events have been successfully processed?
B32: Purpose: To ensure correct execution ordering across services.
B33: Evidence includes: Workflow orchestration, join patterns, or gating logic. If services simply react to events as they arrive with no mechanism to verify predecessor completion, the answer is 'No'.
B34: Answer ("Y" for yes, "N" for no)

Sheet 2. Constraint Enforcement
A1: Q2.1 | B1: Are incoming events or commands validated before being processed by services?
B2: Purpose: To ensure invalid or malformed inputs are rejected before affecting system state.
B3: Evidence includes: Validation at service entry points, schema validation at consumption boundaries, and pre-processing checks before business logic. Distinguish structural validation (schema) from business validation (rules).
B4: Answer ("Y" for yes, "N" for no)
A6: Q2.2 | B6: Are business constraints explicitly enforced within services or event handlers rather than assumed by upstream systems?
B7: Purpose: To verify that business rules are enforced locally within each responsible service, rather than relying on the assumption that upstream systems have already validated the data.
B8: Evidence includes: Validation logic in handlers, rule checks before state transitions, guard conditions. Must cover all entry points (APIs + event consumers).
B9: Answer ("Y" for yes, "N" for no)
A11: Q2.3 | B11: Are event schemas formally defined and validated when events are produced or consumed?
B12: Purpose: To verify that structural correctness of events is enforced at integration boundaries through formal schema definitions.
B13: Evidence includes: Schema registries, producer/consumer validation, contract testing. If there are schema files but no enforcement, the answer is 'No'.
B14: Answer ("Y" for yes, "N" for no)
A16: Q2.4 | B16: Are detected constraint or protocol violations logged and surfaced through monitoring or alerting mechanisms?
B17: Purpose: To ensure violations produce actionable operational signals. Even if an architecture can detect violations, the detection is only useful if it produces observable signals that operators can act upon.
B18: Evidence includes: Violation-specific logs, metrics, alerting rules, and dashboards showing correctness issues. If monitoring only covers infrastructure metrics (e.g., latency, throughput) but not correctness, the answer is 'No'.
B19: Answer ("Y" for yes, "N" for no)
A21: Q2.5 | B21: Can the architecture detect protocol violations such as invalid event sequences, out-of-order events, or illegal state transitions?
B22: Purpose: To determine whether the architecture can identify deviations from expected interaction protocols at runtime. Without detection, violations silently corrupt state or produce inconsistent workflow outcomes.
B23: Evidence includes: State machine enforcement, sequence/version checks, transition validation logic, and handling of unexpected state combinations. If invalid or late events are silently dropped or ignored, this does not count as detection.
B24: Answer ("Y" for yes, "N" for no)

Sheet 3. Concurrency & Idempotency 
A1: Q3.1 | B1: Does the architecture protect shared workflow state from concurrent write corruption?
B2: Purpose: To evaluate whether the architecture prevents race conditions when multiple services or instances update the same workflow state concurrently.
B3: Evidence includes: Optimistic locking, version checks, conditional writes, transactions, or serialized processing (e.g., partition-based processing).
B4: Answer ("Y" for yes, "N" for no)
A6: Q3.2 | B6: Does the architecture include mechanisms to detect duplicate event deliveries?
B7: Purpose: To determine whether the system can identify when the same event has been delivered more than once, which is expected in event-driven architectures with at-least-once delivery semantics.
B8: Evidence includes: Event ID-based duplicate checks before processing, deduplication stores or caches that track previously seen event identifiers, exactly-once delivery configuration at the broker level, and consumer-side deduplication logic that compares incoming event IDs against processed records.
B9: Answer ("Y" for yes, "N" for no)
A11: Q3.3 | B11: Does the architecture ensure that events affecting the same entity are processed in a consistent order when required?
B12: Purpose: To determine whether the architecture preserves event ordering for cases where workflow correctness depends on it.
B13: Evidence includes: Partitioning by entity key, ordered streams, sequence numbers, or version-based validation.
B14: Answer ("Y" for yes, "N" for no)
A16: Q3.4 | B16: When duplicate events are detected, does the architecture define explicit handling mechanisms?
B17: Purpose: To assess whether individual event handlers are designed so that processing the same event multiple times produces the same result as processing it once.
B18: Evidence includes: Conditional writes, upsert operations instead of inserts, idempotency keys, exactly-once processing configuration (e.g., Kafka exactly-once semantics enabled), version-based updates, or operations that are naturally safe under repetition.
B19: Answer ("Y" for yes, "N" for no)

Sheet 4. Fault Handling & Recovery
A1: Q4.1 | B1: Are failures detectable through explicit error events, logs, or monitoring signals?
B2: Purpose: To determine whether failures are visible to operators and downstream systems. Without explicit signals, failures may propagate silently and remain undiagnosed.
B3: Evidence includes: Error event types or status enums (e.g., ERROR states), logging in service code, monitoring signals (metrics, interceptors, listeners), health checks, or uncaught exception handlers that produce observable output.
B4: Answer ("Y" for yes, "N" for no)
A6: Q4.2 | B6: Does the architecture limit failure propagation so that failures in one service do not cause uncontrolled cascading failures across the workflow?
B7: Purpose: To evaluate whether architectural boundaries prevent a single service failure from destabilising the entire workflow.
B8: Evidence includes: Asynchronous decoupling (e.g., message brokers), circuit breakers, timeouts, bulkheads, and dead-letter queues. Distinguish between preventing system crashes and preventing logical cascades.
B9: Answer ("Y" for yes, "N" for no)
A11: Q4.3 | B11: Are failure outcomes explicitly distinguishable from intentional cancellations or business rejections?
B12: Purpose: To determine whether the system can differentiate between a technical failure (e.g., a service crash, timeout, or infrastructure error), a business rejection (e.g., an order rejected due to insufficient inventory), and an intentional cancellation (e.g., a user-initiated order cancellation). Without this, process states and recovery decisions become ambiguous.
B13: Evidence includes: Distinct event types or states (e.g., FAILED, REJECTED, CANCELLED) that clearly separate technical errors from business-level outcomes.
B14: Answer ("Y" for yes, "N" for no)
A16: Q4.4 | B16: Are retry mechanisms explicitly defined for handling transient failures?
B17: Purpose: To assess whether transient failures (e.g., timeouts, throttling) are handled through controlled retries instead of causing workflow failure.
B18: Evidence includes: Retry policies in workflows, brokers, or application logic (including backoff and limits). Check for consistency across services.
B19: Answer ("Y" for yes, "N" for no)
A21: Q4.5 | B21: Are failure conditions and recovery paths explicitly modeled within the workflow or interaction logic?
B22: Purpose: To assess whether the architecture treats failure as a design-time concern rather than an operational afterthought. An architecture may be aware of failure scenarios (through enums, comments, or state definitions) without translating that awareness into actual recovery logic. Only explicit recovery paths within the workflow or interaction logic satisfy the criterion.
B23: Evidence includes: Explicit error-handling paths in workflows, state machines with failure states, or handlers that trigger recovery actions. Awareness (comments/enums) without implementation is insufficient.
B24: Answer ("Y" for yes, "N" for no)
A26: Q4.6 | B26: Can a failed workflow instance be recovered or continued without manual reconstruction of its prior state?
B27: Purpose: To assess whether the architecture supports automated or semi-automated recovery of failed workflow instances. In many event-driven systems, recovery after failure requires operators to manually inspect logs, reconstruct state, and re-trigger events. This question evaluates whether the architecture provides mechanisms for continuing or replaying failed workflows without that manual effort.
B28: Evidence includes: Replay mechanisms (event sourcing), checkpoints, saga recovery, or persisted execution state. Architectures that handle failures by starting entirely new processes rather than resuming failed ones should be scored as 'No' unless the new process automatically inherits the prior state.
B29: Answer ("Y" for yes, "N" for no)
A31: Q4.7 | B31: Are compensation or rollback mechanisms defined for partially completed multi-service workflows?
B32: Purpose: To evaluate whether the system can correct inconsistencies caused by partial execution across services. When a multi-service workflow fails midway, some services may have already applied their side effects. Without compensation or rollback, these partial results remain permanently in place, creating data inconsistencies.
B33: Evidence includes: Compensating transactions, saga patterns, explicit rollback logic, or reversal events that undo side effects.
B34: Answer ("Y" for yes, "N" for no)

Sheet 5. Runtime Governance
A1: Q5.1 | B1: Are metrics available to evaluate process outcomes and efficiency?
B2: Purpose: To assess whether the architecture provides measurable indicators of process-level performance and outcomes. This question evaluates the availability of business-relevant metrics, not just infrastructure metrics.
B3: Evidence includes: completion rate metrics, processing time measurements, failure rate counters, throughput metrics per workflow type, and business-level dashboards. Platform-level infrastructure metrics (e.g., Lambda invocation counts, Kafka consumer lag) count if they can be correlated to process-level outcomes.
B4: Answer ("Y" for yes, "N" for no)
A6: Q5.2 | B6: Can operational alerts be triggered automatically when performance anomalies occur?
B7: Purpose: To assess whether the architecture includes automated alerting mechanisms that notify operators when performance anomalies, failures, or threshold violations occur. Detection without alerting requires operators to actively monitor dashboards, which is unreliable and unscalable.
B8: Evidence includes: configured alerting rules, threshold-based notifications, anomaly detection configurations, and automated escalation workflows. If anomalies produce log output but no automated notification or trigger pathway is defined, the answer is 'No'.
B9: Answer ("Y" for yes, "N" for no)
A11: Q5.3 | B11: Can workflow or process executions be paused and resumed during runtime?
B12: To evaluate whether the architecture supports operational control over running workflow instances, specifically the ability to pause execution (e.g., for investigation, manual intervention, or external dependency resolution) and resume it later. This capability is important for handling exceptional situations without losing workflow state.
B13: Evidence includes: Workflow engine pause/resume capabilities (e.g., Step Functions wait states), saga pause mechanisms, manual intervention points in workflow definitions, and operational tooling that allows instance-level control. If the only operational states are 'running' and 'stopped' applied globally to entire services, the answer is 'No'.
B14: Answer ("Y" for yes, "N" for no)
A16: Q5.4 | B16: Can event routing or reactions be modified without redeploying all services?
B17: Purpose: To assess whether event routing rules, reaction logic, or processing configuration can be changed without requiring code modification and full redeployment of affected services. This capability is important for operational agility and incident response.
B18: Evidence includes: Dynamic configuration systems (e.g., feature flags, configuration services), event bus routing rules that can be modified at runtime, externalised business thresholds or parameters, and hot-reloadable configuration.
B19: Answer ("Y" for yes, "N" for no)
A21: Q5.5 | B21: Can performance anomalies or bottlenecks be detected using system logs, metrics, or monitoring tools?
B22: Purpose: To evaluate whether the observability infrastructure is sufficient to detect performance anomalies and localise bottlenecks within the workflow. In event-driven systems, performance problems can be difficult to diagnose because they may manifest far from their source.
B23: Evidence includes: latency metrics per service or step, throughput monitoring, error rate tracking, consumer lag monitoring, distributed tracing, log aggregation with searchable workflow identifiers, and monitoring dashboards. The evaluator should assess whether the available signals are sufficient for root cause analysis, not just problem detection.
B24: Answer ("Y" for yes, "N" for no)

Sheet 6. Events Documentation
A1: Q6.1 | B1: Is there at least one event schema documented?
B2: Purpose: To establish whether any formal event documentation exists.
B3: Evidence includes: Any formal event schema definition.
B4: Answer ("Y" for yes, "N" for no)
A6: Q6.2 | B6: Can event chains be visualized as process graphs?
B7: Purpose: To support understanding of event propagation across the system.
B8: Evidence includes: Architecture diagrams showing event flow across services, generated graphs, or tooling.
B9: Answer ("Y" for yes, "N" for no)
A11: Q6.3 | B11: Are event schemas documented and versioned?
B12: Purpose: To support safe evolution of event contracts.
B13: Evidence includes: Versioned schemas, compatibility policies, schema registries.
B14: Answer ("Y" for yes, "N" for no)
A16: Q6.4 | B16: Are emitted events formally declared?
B17: Purpose: To make event production discoverable without reading code.
B18: Evidence includes: Event catalogs, API specs, or documentation listing produced events. If the only way to determine which events a service emits is to read its source code, the answer is 'No'.
B19: Answer ("Y" for yes, "N" for no)
A21: Q6.5 | B21: Are emission conditions documented?
B22: Purpose: To assess whether the conditions under which events are emitted are documented, not just the event types.
B23: Evidence includes: Documentation of trigger conditions for each event, decision tables, state machine transition documentation, and event emission rules in architecture documentation.
B24: Answer ("Y" for yes, "N" for no)
A26: Q6.6 | B26: Is every consumed event type explicitly declared?
B27: Purpose: To determine whether each service explicitly declares which events it consumes. This is the consumer-side counterpart to emission declaration and is equally important for understanding event dependencies and impact analysis.
B28: Evidence includes: Event subscription declarations in service documentation, configuration files listing consumed event types, consumer group configurations with documented event bindings, and API specifications listing consumed events. If the only way to determine which events a service consumes is to read its source code or inspect runtime subscriptions, the answer is 'No'.
B29: Answer ("Y" for yes, "N" for no)
A31: Q6.7 | B31: Is event consumption intent (why it is consumed) documented?
B32: Purpose: To assess whether the documentation explains why each service consumes each event, not just that it does.
B33: Evidence includes: Documentation of business purpose for each event subscription, reaction descriptions in architecture documentation, and consumer documentation that explains the processing logic triggered by each event.
B34: Answer ("Y" for yes, "N" for no)
A36: Q6.8 | B36: Can producers and consumers of each event be mapped?
B37: Purpose: To determine whether the architecture provides sufficient information to construct a complete producer-consumer map for every event type.
B38: Evidence includes: Event catalogues that link events to producers and consumers, architecture diagrams with event flows, tooling that generates producer-consumer maps from configuration or schemas, and centralised event registries.
B39: Answer ("Y" for yes, "N" for no)

Sheet 7. Microservices Documentation
A1: Q7.1 | B1: Are parameter types and formats defined?
B2: Purpose: To assess whether the data types and formats of service interface parameters (inputs and outputs) are formally defined.
B3: Evidence includes: API specifications with typed parameters, event schemas with typed fields, and interface documentation that specifies data types, formats, and constraints.
B4: Answer ("Y" for yes, "N" for no)
A6: Q7.2 | B6: Is interface documentation machine-readable?
B7: Purpose: To determine whether service interface documentation is available in a format that can be consumed by automated tooling for code generation, contract testing, compatibility checking, and API gateway configuration.
B8: Evidence includes: OpenAPI/Swagger specifications, gRPC protobuf definitions, AsyncAPI specifications for event-driven interfaces, GraphQL schemas, and any structured format that can be parsed by tooling. PDF documents, wiki pages, or README files describing interfaces are not machine-readable.
B9: Answer ("Y" for yes, "N" for no)
A11: Q7.3 | B11: Is dependency direction explicitly modeled?
B12: Purpose: To determine whether the directional relationships between services (which service depends on which) are explicitly documented.
B13: Evidence includes: Architecture diagrams with directed dependency arrows, and service catalogues with dependency declarations. If dependency direction can only be inferred from event subscriptions or code inspection, the answer is 'No'.
B14: Answer ("Y" for yes, "N" for no)
A16: Q7.4 | B16: Does dependency modeling incorporate structural context beyond pairwise compatibility?
B17: Purpose: To evaluate whether the architecture's dependency model considers the broader structural context in which services operate, not just whether individual pairs of services are compatible. A service may be compatible with its direct dependencies but create problems when placed in the broader topology (e.g., circular dependencies, conflicting version requirements, or topology-level bottlenecks).
B18: Evidence includes: topology-level dependency analysis, architectural fitness functions, dependency graph analysis that considers transitive dependencies, and documentation that addresses structural properties beyond pairwise service compatibility. This is an advanced capability, a 'Yes' answer requires evidence that the architecture explicitly considers neighbourhood or topology-level structural properties.
B19: Answer ("Y" for yes, "N" for no)

Sheet Dashboard
A1: Process Consistency Maturity Model: Assessment Dashboard
A2: Fill answers (Y/N) in the category sheets. This dashboard aggregates results automatically.
A3: SCORING RULE: A category achieves Level N when ALL questions at Level 2 through Level N are answered 'Y'. The reported level is the highest N satisfying this condition. If not all Level 2 questions are met, the category is Level 1 (Initial).
A5: Category | B5: Level | C5: Question ID | D5: Answer (Y/N)
A6: Workflow Progression Guarantees | B6: 2 | C6: Q1.1 | D6: ='1. Workflow Progression Guarant'!C4 -> 0
C7: Q1.2 | D7: ='1. Workflow Progression Guarant'!C9 -> 0
C8: Q1.3 | D8: ='1. Workflow Progression Guarant'!C14 -> 0
C9: Q1.4 | D9: ='1. Workflow Progression Guarant'!C19 -> 0
C10: Q1.5 | D10: ='1. Workflow Progression Guarant'!C24 -> 0
B11: 3 | C11: Q1.6 | D11: ='1. Workflow Progression Guarant'!C29 -> 0
C12: Q1.7 | D12: ='1. Workflow Progression Guarant'!C34 -> 0
A14: Constraint Enforcement & Protocol Safety | B14: 2 | C14: Q2.1 | D14: ='2. Constraint Enforcement'!C4 -> 0
C15: Q2.2 | D15: ='2. Constraint Enforcement'!C9 -> 0
B16: 3 | C16: Q2.3 | D16: ='2. Constraint Enforcement'!C14 -> 0
B17: 4 | C17: Q2.4 | D17: ='2. Constraint Enforcement'!C19 -> 0
B18: 5 | C18: Q2.5 | D18: ='2. Constraint Enforcement'!C24 -> 0
A20: Concurrency & Idempotency Control | B20: 2 | C20: Q3.1 | D20: ='3. Concurrency & Idempotency '!C4 -> 0
B21: 3 | C21: Q3.2 | D21: ='3. Concurrency & Idempotency '!C9 -> 0
C22: Q3.3 | D22: ='3. Concurrency & Idempotency '!C14 -> 0
B23: 4 | C23: Q3.4 | D23: ='3. Concurrency & Idempotency '!C19 -> 0
A25: Fault Handling & Recovery | B25: 2 | C25: Q4.1 | D25: ='4. Fault Handling & Recovery'!C4 -> 0
C26: Q4.2 | D26: ='4. Fault Handling & Recovery'!C9 -> 0
B27: 3 | C27: Q4.3 | D27: ='4. Fault Handling & Recovery'!C14 -> 0
C28: Q4.4 | D28: ='4. Fault Handling & Recovery'!C19 -> 0
B29: 4 | C29: Q4.5 | D29: ='4. Fault Handling & Recovery'!C24 -> 0
B30: 5 | C30: Q4.6 | D30: ='4. Fault Handling & Recovery'!C29 -> 0
C31: Q4.7 | D31: ='4. Fault Handling & Recovery'!C34 -> 0
A33: Runtime Governance | B33: 2 | C33: Q5.1 | D33: ='5. Runtime Governance'!C4 -> 0
B34: 3 | C34: Q5.2 | D34: ='5. Runtime Governance'!C9 -> 0
B35: 4 | C35: Q5.3 | D35: ='5. Runtime Governance'!C14 -> 0
C36: Q5.4 | D36: ='5. Runtime Governance'!C19 -> 0
C37: Q5.5 | D37: ='5. Runtime Governance'!C24 -> 0
A39: Events Documentation | B39: 2 | C39: Q6.1 | D39: ='6. Events Documentation'!C4 -> 0
B40: 3 | C40: Q6.2 | D40: ='6. Events Documentation'!C9 -> 0
C41: Q6.3 | D41: ='6. Events Documentation'!C14 -> 0
B42: 4 | C42: Q6.4 | D42: ='6. Events Documentation'!C19 -> 0
C43: Q6.5 | D43: ='6. Events Documentation'!C24 -> 0
C44: Q6.6 | D44: ='6. Events Documentation'!C29 -> 0
B45: 5 | C45: Q6.7 | D45: ='6. Events Documentation'!C34 -> 0
C46: Q6.8 | D46: ='6. Events Documentation'!C39 -> 0
A48: Microservices Documentation | B48: 2 | C48: Q7.1 | D48: ='7. Microservices Documentation'!C4 -> 0
B49: 3 | C49: Q7.2 | D49: ='7. Microservices Documentation'!C9 -> 0
B50: 4 | C50: Q7.3 | D50: ='7. Microservices Documentation'!C14 -> 0
B51: 5 | C51: Q7.4 | D51: ='7. Microservices Documentation'!C19 -> 0
A54: CRITERIA COVERAGE: % of Questions Answered Yes by Level
A55: Category | B55: P2 | C55: P3 | D55: P4 | E55: P5 | F55: Overall %
A56: Workflow Progression Guarantees | B56: =(COUNTIF(D6,"Y")+COUNTIF(D7,"Y")+COUNTIF(D8,"Y")+COUNTIF(D9,"Y")+COUNTIF(D10,"Y"))/5 -> 0 | C56: =(COUNTIF(D11,"Y")+COUNTIF(D12,"Y"))/2 -> 0 | D56: — | E56: — | F56: =(COUNTIF(D6,"Y")+COUNTIF(D7,"Y")+COUNTIF(D8,"Y")+COUNTIF(D9,"Y")+COUNTIF(D10,"Y")+COUNTIF(D11,"Y")+COUNTIF(D12,"Y"))/7 -> 0
A57: Constraint Enforcement & Protocol Safety | B57: =(COUNTIF(D14,"Y")+COUNTIF(D15,"Y"))/2 -> 0 | C57: =(COUNTIF(D16,"Y"))/1 -> 0 | D57: =(COUNTIF(D17,"Y"))/1 -> 0 | E57: =(COUNTIF(D18,"Y"))/1 -> 0 | F57: =(COUNTIF(D14,"Y")+COUNTIF(D15,"Y")+COUNTIF(D16,"Y")+COUNTIF(D17,"Y")+COUNTIF(D18,"Y"))/5 -> 0
A58: Concurrency & Idempotency Control | B58: =(COUNTIF(D20,"Y"))/1 -> 0 | C58: =(COUNTIF(D21,"Y")+COUNTIF(D22,"Y"))/2 -> 0 | D58: =(COUNTIF(D23,"Y"))/1 -> 0 | E58: — | F58: =(COUNTIF(D20,"Y")+COUNTIF(D21,"Y")+COUNTIF(D22,"Y")+COUNTIF(D23,"Y"))/4 -> 0
A59: Fault Handling & Recovery | B59: =(COUNTIF(D25,"Y")+COUNTIF(D26,"Y"))/2 -> 0 | C59: =(COUNTIF(D27,"Y")+COUNTIF(D28,"Y"))/2 -> 0 | D59: =(COUNTIF(D29,"Y"))/1 -> 0 | E59: =(COUNTIF(D30,"Y")+COUNTIF(D31,"Y"))/2 -> 0 | F59: =(COUNTIF(D25,"Y")+COUNTIF(D26,"Y")+COUNTIF(D27,"Y")+COUNTIF(D28,"Y")+COUNTIF(D29,"Y")+COUNTIF(D30,"Y")+COUNTIF(D31,"Y"))/7 -> 0
A60: Runtime Governance | B60: =(COUNTIF(D33,"Y"))/1 -> 0 | C60: =(COUNTIF(D34,"Y"))/1 -> 0 | D60: =(COUNTIF(D35,"Y")+COUNTIF(D36,"Y")+COUNTIF(D37,"Y"))/3 -> 0 | E60: — | F60: =(COUNTIF(D33,"Y")+COUNTIF(D34,"Y")+COUNTIF(D35,"Y")+COUNTIF(D36,"Y")+COUNTIF(D37,"Y"))/5 -> 0
A61: Events Documentation | B61: =(COUNTIF(D39,"Y"))/1 -> 0 | C61: =(COUNTIF(D40,"Y")+COUNTIF(D41,"Y"))/2 -> 0 | D61: =(COUNTIF(D42,"Y")+COUNTIF(D43,"Y")+COUNTIF(D44,"Y"))/3 -> 0 | E61: =(COUNTIF(D45,"Y")+COUNTIF(D46,"Y"))/2 -> 0 | F61: =(COUNTIF(D39,"Y")+COUNTIF(D40,"Y")+COUNTIF(D41,"Y")+COUNTIF(D42,"Y")+COUNTIF(D43,"Y")+COUNTIF(D44,"Y")+COUNTIF(D45,"Y")+COUNTIF(D46,"Y"))/8 -> 0
A62: Microservices Documentation | B62: =(COUNTIF(D48,"Y"))/1 -> 0 | C62: =(COUNTIF(D49,"Y"))/1 -> 0 | D62: =(COUNTIF(D50,"Y"))/1 -> 0 | E62: =(COUNTIF(D51,"Y"))/1 -> 0 | F62: =(COUNTIF(D48,"Y")+COUNTIF(D49,"Y")+COUNTIF(D50,"Y")+COUNTIF(D51,"Y"))/4 -> 0
A63: Level-Completion Percentages | B63: =(COUNTIF(D6,"Y")+COUNTIF(D7,"Y")+COUNTIF(D8,"Y")+COUNTIF(D9,"Y")+COUNTIF(D10,"Y")+COUNTIF(D14,"Y")+COUNTIF(D15,"Y")+COUNTIF(D20,"Y")+COUNTIF(D25,"Y")+COUNTIF(D26,"Y")+COUNTIF(D33,"Y")+COUNTIF(D39,"Y")+COUNTIF(D48,"Y"))/13 -> 0 | C63: =(COUNTIF(D11,"Y")+COUNTIF(D12,"Y")+COUNTIF(D16,"Y")+COUNTIF(D21,"Y")+COUNTIF(D22,"Y")+COUNTIF(D27,"Y")+COUNTIF(D28,"Y")+COUNTIF(D34,"Y")+COUNTIF(D40,"Y")+COUNTIF(D41,"Y")+COUNTIF(D49,"Y"))/11 -> 0 | D63: =(COUNTIF(D17,"Y")+COUNTIF(D23,"Y")+COUNTIF(D29,"Y")+COUNTIF(D35,"Y")+COUNTIF(D36,"Y")+COUNTIF(D37,"Y")+COUNTIF(D42,"Y")+COUNTIF(D43,"Y")+COUNTIF(D44,"Y")+COUNTIF(D50,"Y"))/10 -> 0 | E63: =(COUNTIF(D18,"Y")+COUNTIF(D30,"Y")+COUNTIF(D31,"Y")+COUNTIF(D45,"Y")+COUNTIF(D46,"Y")+COUNTIF(D51,"Y"))/6 -> 0 | F63: =(COUNTIF(D6,"Y")+COUNTIF(D7,"Y")+COUNTIF(D8,"Y")+COUNTIF(D9,"Y")+COUNTIF(D10,"Y")+COUNTIF(D14,"Y")+COUNTIF(D15,"Y")+COUNTIF(D20,"Y")+COUNTIF(D25,"Y")+COUNTIF(D26,"Y")+COUNTIF(D33,"Y")+COUNTIF(D39,"Y")+COUNTIF(D48,"Y")+COUNTIF(D11,"Y")+COUNTIF(D12,"Y")+COUNTIF(D16,"Y")+COUNTIF(D21,"Y")+COUNTIF(D22,"Y")+COUNTIF(D27,"Y")+COUNTIF(D28,"Y")+COUNTIF(D34,"Y")+COUNTIF(D40,"Y")+COUNTIF(D41,"Y")+COUNTIF(D49,"Y")+COUNTIF(D17,"Y")+COUNTIF(D23,"Y")+COUNTIF(D29,"Y")+COUNTIF(D35,"Y")+COUNTIF(D36,"Y")+COUNTIF(D37,"Y")+COUNTIF(D42,"Y")+COUNTIF(D43,"Y")+COUNTIF(D44,"Y")+COUNTIF(D50,"Y")+COUNTIF(D18,"Y")+COUNTIF(D30,"Y")+COUNTIF(D31,"Y")+COUNTIF(D45,"Y")+COUNTIF(D46,"Y")+COUNTIF(D51,"Y"))/40 -> 0
A66: MATURITY PROFILE SUMMARY
A67: Category | B67: Max Level | C67: L2 Met? | D67: L3 Met? | E67: L4 Met? | F67: L5 Met? | G67: Cumulative Achieved Level
A68: Workflow Progression Guarantees | B68: 3 | C68: =IF(AND(D6="Y",D7="Y",D8="Y",D9="Y",D10="Y"),"Y","N") -> N | D68: =IF(AND(D6="Y",D7="Y",D8="Y",D9="Y",D10="Y",D11="Y",D12="Y"),"Y","N") -> N | E68: — | F68: — | G68: =IF(C68<>"Y",1, IF(D68<>"Y",2, IF(E68<>"Y",3, IF(F68<>"Y",4, 5)))) -> 1 | H68: =IF(C68<>"Y","Initial", IF(D68<>"Y","Foundational", IF(E68<>"Y","Structured", IF(F68<>"Y","Managed", "Optimized")))) -> Initial
A69: Constraint Enforcement & Protocol Safety | B69: 5 | C69: =IF(AND(D14="Y",D15="Y",D16="Y",D17="Y",D18="Y"),"Y","N") -> N | D69: =IF(AND(D14="Y",D15="Y",D16="Y"),"Y","N") -> N | E69: =IF(AND(D14="Y",D15="Y",D16="Y",D17="Y"),"Y","N") -> N | F69: =IF(AND(D14="Y",D15="Y",D16="Y",D17="Y",D18="Y"),"Y","N") -> N | G69: =IF(C69<>"Y",1, IF(D69<>"Y",2, IF(E69<>"Y",3, IF(F69<>"Y",4, 5)))) -> 1 | H69: =IF(C69<>"Y","Initial", IF(D69<>"Y","Foundational", IF(E69<>"Y","Structured", IF(F69<>"Y","Managed", "Optimized")))) -> Initial
A70: Concurrency & Idempotency Control | B70: 4 | C70: =IF(AND(D20="Y"),"Y","N") -> N | D70: =IF(AND(D20="Y",D21="Y",D22="Y"),"Y","N") -> N | E70: =IF(AND(D20="Y",D21="Y",D22="Y",D23="Y"),"Y","N") -> N | F70: — | G70: =IF(C70<>"Y",1, IF(D70<>"Y",2, IF(E70<>"Y",3, IF(F70<>"Y",4, 5)))) -> 1 | H70: =IF(C70<>"Y","Initial", IF(D70<>"Y","Foundational", IF(E70<>"Y","Structured", IF(F70<>"Y","Managed", "Optimized")))) -> Initial
A71: Fault Handling & Recovery | B71: 5 | C71: =IF(AND(D25="Y",D26="Y"),"Y","N") -> N | D71: =IF(AND(D25="Y",D26="Y",D27="Y",D28="Y"),"Y","N") -> N | E71: =IF(AND(D25="Y",D26="Y",D27="Y",D28="Y",D29="Y"),"Y","N") -> N | F71: =IF(AND(D25="Y",D26="Y",D27="Y",D28="Y",D29="Y",D30="Y",D31="Y"),"Y","N") -> N | G71: =IF(C71<>"Y",1, IF(D71<>"Y",2, IF(E71<>"Y",3, IF(F71<>"Y",4, 5)))) -> 1 | H71: =IF(C71<>"Y","Initial", IF(D71<>"Y","Foundational", IF(E71<>"Y","Structured", IF(F71<>"Y","Managed", "Optimized")))) -> Initial
A72: Runtime Governance | B72: 4 | C72: =IF(AND(D33="Y"),"Y","N") -> N | D72: =IF(AND(D33="Y",D34="Y"),"Y","N") -> N | E72: =IF(AND(D33="Y",D34="Y",D35="Y",D36="Y",D37="Y"),"Y","N") -> N | F72: — | G72: =IF(C72<>"Y",1, IF(D72<>"Y",2, IF(E72<>"Y",3, IF(F72<>"Y",4, 5)))) -> 1 | H72: =IF(C72<>"Y","Initial", IF(D72<>"Y","Foundational", IF(E72<>"Y","Structured", IF(F72<>"Y","Managed", "Optimized")))) -> Initial
A73: Events Documentation | B73: 5 | C73: =IF(AND(D39="Y"),"Y","N") -> N | D73: =IF(AND(D39="Y",D40="Y",D41="Y"),"Y","N") -> N | E73: =IF(AND(D39="Y",D40="Y",D41="Y",D42="Y",D43="Y",D44="Y"),"Y","N") -> N | F73: =IF(AND(D39="Y",D40="Y",D41="Y",D42="Y",D43="Y",D44="Y",D45="Y",D46="Y"),"Y","N") -> N | G73: =IF(C73<>"Y",1, IF(D73<>"Y",2, IF(E73<>"Y",3, IF(F73<>"Y",4, 5)))) -> 1 | H73: =IF(C73<>"Y","Initial", IF(D73<>"Y","Foundational", IF(E73<>"Y","Structured", IF(F73<>"Y","Managed", "Optimized")))) -> Initial
A74: Microservices Documentation | B74: 5 | C74: =IF(AND(D48="Y"),"Y","N") -> N | D74: =IF(AND(D48="Y",D49="Y"),"Y","N") -> N | E74: =IF(AND(D48="Y",D49="Y",D50="Y"),"Y","N") -> N | F74: =IF(AND(D48="Y",D49="Y",D50="Y",D51="Y"),"Y","N") -> N | G74: =IF(C74<>"Y",1, IF(D74<>"Y",2, IF(E74<>"Y",3, IF(F74<>"Y",4, 5)))) -> 1 | H74: =IF(C74<>"Y","Initial", IF(D74<>"Y","Foundational", IF(E74<>"Y","Structured", IF(F74<>"Y","Managed", "Optimized")))) -> Initial

Sheet Graphs
A1: Level-Completion Percentages (P2 - P5)
A2: Each bar shows the percentage of questions answered Y at that level, computed against the model's fixed denominators: 13 questions at Level 2, 11 at Level 3, 10 at Level 4, and 6 at Level 5. To improve: identify the lowest level where the percentage is not yet 100%, then use the Category Chart below to find which categories are contributing unanswered questions at that level.
A18: Maturity Profile by Category
A19: Each axis shows the highest level fully satisfied for that category. The dashed outline marks the maximum achievable level per category: WPG caps at Level 3, CIC and RG at Level 4, the remaining four at Level 5. An even, outward shape indicates balanced maturity. A collapsed or asymmetric shape reveals categories that are weakest relative to their own ceiling.
A40: Raw Question Coverage by Category
A41: Each bar shows the raw proportion of questions answered Y within that category, without applying any level threshold. A category may show partial progress here while not yet having fully satisfied any additional level. Use this chart to identify which specific categories are holding back a given level-completion percentage in the Primary Output chart above.
